user_id,timestamp,domain,broad_interest_category,sub_interest_category,specific_affinity,affinity_score,session_duration_seconds,location ,dx_page_categories,Channels,Domain,Exchange_id,Site_id,credit_score,age,income,debt_to_income_ratio,number_of_accounts,Ethnicity graph , 
user_200,2026-01-21 04:26:45,autotrader.com,Electronics,Laptops,Dell XPS 15,0.57,484,6415,Business & Finance,Connected TV,entertainmentbuzz.io,10,29753,633,36,107330,0.35,19,Irish,
user_201,2026-01-26 14:14:58,cars.com,Automotive,Car Parts,Bosch Spark Plugs,0.81,522,9028,News & Current Events,Mobile App,dailyfinance.com,3,92908,818,72,181931,0.59,6,German,
user_202,2026-01-26 18:24:19,nike.com,Apparel,Outerwear,North Face Jacket,0.67,463,6694,Arts & Entertainment,Display,newsupdates.com,7,44819,633,79,186918,0.34,12,French,
user_203,2026-01-24 05:01:28,nike.com,Automotive,Car Parts,Mobil 1 Oil,0.56,542,4861,Business & Finance,Video,entertainmentbuzz.io,7,49860,541,48,54084,0.5,12,Canadian,
user_204,2026-01-24 14:13:17,nike.com,Apparel,Footwear,Adidas Sneakers,0.3,100,6173,Arts & Entertainment,Connected TV,entertainmentbuzz.io,8,17965,721,74,20587,0.31,17,Chinese,
user_205,2026-01-22 09:55:54,zappos.com,Automotive,Used Cars,Toyota Camry,0.87,366,7593,Health & Fitness,Mobile App,newsupdates.com,3,19649,433,35,58571,0.46,7,Chinese,
user_206,2026-01-22 06:07:42,autotrader.com,Electronics,Smartphones,Google Pixel 8,0.86,71,6187,News & Current Events,Connected TV,dailyfinance.com,4,18669,515,44,133157,0.57,10,Canadian,
user_207,2026-01-24 22:24:14,nike.com,Electronics,Laptops,HP Spectre x360,0.36,228,8103,Business & Finance,Connected TV,dailyfinance.com,10,80909,362,38,106331,0.39,16,Scotish,
user_208,2026-01-23 19:37:18,carparts.com,Apparel,Outerwear,Columbia Raincoat,0.39,308,3610,Health & Fitness,Display,entertainmentbuzz.io,1,67734,740,62,54846,0.31,15,Belarusian,
user_209,2026-01-25 04:01:07,amazon.com,Electronics,Laptops,HP Spectre x360,0.57,325,3833,Sports,Display,sportsfanatic.net,5,51535,723,64,157201,0.2,13,Chinese,
user_210,2026-01-22 20:12:51,carparts.com,Apparel,Footwear,Doc Martens Boots,0.88,80,1564,Health & Fitness,Mobile App,newsupdates.com,3,22536,445,31,119354,0.21,18,Scotish,
user_211,2026-01-23 23:01:45,rei.com,Apparel,Footwear,Adidas Sneakers,0.62,553,6726,News & Current Events,Connected TV,techreview.org,10,39717,807,64,28371,0.2,18,Irish,
user_212,2026-01-23 00:24:58,autotrader.com,Automotive,Car Parts,Michelin Tires,0.54,404,9095,Health & Fitness,Connected TV,entertainmentbuzz.io,7,90734,595,70,86854,0.28,7,Dutch,
user_213,2026-01-26 08:17:39,newegg.com,Apparel,Footwear,Doc Martens Boots,0.86,379,6428,News & Current Events,Mobile App,dailyfinance.com,6,70246,701,33,46768,0.35,9,Norwegian,
user_214,2026-01-22 22:52:44,bestbuy.com,Apparel,Outerwear,North Face Jacket,0.4,208,8198,Health & Fitness,Mobile App,entertainmentbuzz.io,10,45976,490,66,117611,0.44,18,Chinese,
user_215,2026-01-23 09:45:41,nike.com,Electronics,Smartphones,iPhone 15,0.92,513,3339,Sports,Video,sportsfanatic.net,2,99312,410,68,24389,0.05,13,Italian,
user_216,2026-01-20 20:18:27,autotrader.com,Apparel,Outerwear,North Face Jacket,0.51,302,9847,News & Current Events,Video,healthyliving.co,3,10455,340,27,164112,0.08,14,Dutch,
user_217,2026-01-23 21:46:27,rei.com,Automotive,Used Cars,Toyota Camry,0.97,87,1547,Sports,Display,newsupdates.com,10,88844,825,22,185232,0.27,12,Italian,
user_218,2026-01-23 23:46:37,bestbuy.com,Apparel,Outerwear,Columbia Raincoat,0.86,412,4939,Business & Finance,Video,techreview.org,8,58454,609,48,120276,0.38,19,Ukrainian,
user_219,2026-01-26 23:15:29,nike.com,Electronics,Laptops,HP Spectre x360,0.8,287,2846,Sports,Display,entertainmentbuzz.io,1,91738,533,33,153849,0.24,18,Irish,
user_220,2026-01-26 09:36:34,nike.com,Automotive,Used Cars,Toyota Camry,0.93,124,6469,Health & Fitness,Display,dailyfinance.com,6,42145,403,58,39557,0.31,7,Norwegian,
user_221,2026-01-25 22:53:33,zappos.com,Automotive,Used Cars,Toyota Camry,0.68,530,1485,News & Current Events,Display,techreview.org,4,75877,733,61,103167,0.28,11,Chinese,
user_222,2026-01-26 21:31:31,nike.com,Electronics,Laptops,Dell XPS 15,0.88,352,1836,Business & Finance,Video,dailyfinance.com,4,44291,480,75,20177,0.28,17,Scotish,
user_223,2026-01-20 10:39:54,carparts.com,Electronics,Smartphones,iPhone 15,0.81,196,2913,Health & Fitness,Display,dailyfinance.com,5,54452,799,59,63032,0.22,7,Polish,
user_224,2026-01-23 06:17:38,carparts.com,Apparel,Outerwear,North Face Jacket,0.61,149,6297,Sports,Connected TV,sportsfanatic.net,4,60928,795,56,198928,0.49,9,Italian,
user_225,2026-01-21 09:12:45,amazon.com,Electronics,Smartphones,iPhone 15,0.32,132,6061,News & Current Events,Mobile App,dailyfinance.com,3,91766,674,54,170302,0.48,14,Dutch,
user_226,2026-01-22 11:06:50,carparts.com,Apparel,Footwear,Adidas Sneakers,0.57,245,3435,Arts & Entertainment,Mobile App,dailyfinance.com,5,66485,577,53,199603,0.49,16,Polish,
user_227,2026-01-23 14:17:59,bestbuy.com,Automotive,Used Cars,Toyota Camry,0.54,279,6772,Business & Finance,Display,sportsfanatic.net,5,81922,671,21,66512,0.48,5,Canadian,
user_228,2026-01-26 01:34:21,amazon.com,Electronics,Smartphones,iPhone 15,0.61,531,8950,News & Current Events,Connected TV,entertainmentbuzz.io,4,14951,669,76,48409,0.12,13,Canadian,
user_229,2026-01-20 03:00:49,bestbuy.com,Automotive,Used Cars,Toyota Camry,0.6,460,7776,Sports,Mobile App,sportsfanatic.net,8,31850,376,20,99337,0.46,9,Polish,
user_230,2026-01-24 07:35:49,amazon.com,Automotive,Used Cars,Toyota Camry,0.97,470,3376,Health & Fitness,Connected TV,entertainmentbuzz.io,7,41704,431,67,58232,0.28,19,Ukrainian,
user_231,2026-01-26 11:21:16,nike.com,Apparel,Footwear,Doc Martens Boots,0.73,124,7046,Sports,Video,techreview.org,1,36523,848,47,129622,0.29,9,Polish,
user_232,2026-01-23 22:35:50,autotrader.com,Automotive,Car Parts,Bosch Spark Plugs,0.92,394,5195,News & Current Events,Mobile App,entertainmentbuzz.io,1,13741,318,40,39591,0.07,6,French,
user_233,2026-01-23 16:27:25,autotrader.com,Automotive,Used Cars,Toyota Camry,0.92,99,4413,Business & Finance,Display,healthyliving.co,7,69375,330,72,52211,0.23,17,French,
user_234,2026-01-25 05:57:14,bestbuy.com,Electronics,Smartphones,Google Pixel 8,0.69,266,9364,Business & Finance,Connected TV,dailyfinance.com,4,70720,383,35,126330,0.59,18,French,
user_235,2026-01-21 11:41:07,zappos.com,Electronics,Laptops,HP Spectre x360,0.6,208,9082,Health & Fitness,Display,healthyliving.co,9,93145,664,36,160112,0.26,11,French,
user_236,2026-01-24 00:14:53,carparts.com,Electronics,Smartphones,iPhone 15,0.48,578,2854,Sports,Mobile App,newsupdates.com,10,64340,304,73,74557,0.32,6,Norwegian,
user_237,2026-01-22 21:12:55,rei.com,Electronics,Laptops,Dell XPS 15,0.53,254,5265,Sports,Video,dailyfinance.com,6,23133,574,78,172013,0.28,8,Polish,
user_238,2026-01-21 14:45:48,newegg.com,Automotive,Used Cars,Toyota Camry,0.32,563,8686,News & Current Events,Mobile App,healthyliving.co,2,86424,531,18,123388,0.27,14,Polish,
user_239,2026-01-25 00:23:45,nike.com,Automotive,Used Cars,Toyota Camry,0.71,34,1470,Business & Finance,Video,sportsfanatic.net,7,56950,424,27,140709,0.39,8,Belarusian,
user_240,2026-01-22 22:36:07,carparts.com,Automotive,Used Cars,Toyota Camry,0.89,498,9207,Arts & Entertainment,Connected TV,techreview.org,9,73333,709,61,61077,0.6,8,Irish,
user_241,2026-01-25 19:20:38,newegg.com,Electronics,Smartphones,Google Pixel 8,0.72,321,5426,News & Current Events,Video,entertainmentbuzz.io,7,75653,590,24,118806,0.36,4,Chinese,
user_242,2026-01-26 03:41:18,nike.com,Electronics,Smartphones,iPhone 15,0.5,511,7503,Business & Finance,Mobile App,newsupdates.com,5,53341,602,35,127522,0.14,13,Chinese,
user_243,2026-01-20 13:50:28,cars.com,Electronics,Smartphones,iPhone 15,0.88,192,1096,Health & Fitness,Video,healthyliving.co,6,65799,657,59,45083,0.35,7,Norwegian,
user_244,2026-01-20 15:18:21,amazon.com,Electronics,Laptops,HP Spectre x360,0.68,509,9746,News & Current Events,Connected TV,sportsfanatic.net,9,88772,700,51,165360,0.6,19,Norwegian,
user_245,2026-01-25 20:36:53,cars.com,Electronics,Laptops,MacBook Pro,0.83,184,2738,Sports,Connected TV,newsupdates.com,10,50617,721,29,41439,0.37,20,Norwegian,
user_246,2026-01-22 18:14:07,bestbuy.com,Apparel,Outerwear,North Face Jacket,0.59,481,2782,Health & Fitness,Display,sportsfanatic.net,7,27463,376,53,194845,0.41,14,Chinese,
user_247,2026-01-21 04:14:21,autotrader.com,Apparel,Footwear,Adidas Sneakers,0.89,345,1589,Arts & Entertainment,Connected TV,sportsfanatic.net,8,85672,330,28,167184,0.46,20,Italian,
user_248,2026-01-24 01:14:01,newegg.com,Electronics,Smartphones,iPhone 15,0.63,476,9068,Business & Finance,Display,sportsfanatic.net,2,36654,710,25,30712,0.31,7,Italian,
user_249,2026-01-25 20:10:51,newegg.com,Automotive,Used Cars,Toyota Camry,0.57,141,4203,Business & Finance,Mobile App,healthyliving.co,7,82571,789,76,184299,0.09,8,Scotish,
user_250,2026-01-24 08:45:31,amazon.com,Automotive,Car Parts,Bosch Spark Plugs,0.34,453,3735,Arts & Entertainment,Connected TV,healthyliving.co,10,81702,409,80,110890,0.17,10,Canadian,
user_251,2026-01-20 05:09:49,autotrader.com,Automotive,Used Cars,Toyota Camry,0.63,474,3696,Arts & Entertainment,Video,sportsfanatic.net,10,49116,546,75,105670,0.45,18,Canadian,
user_252,2026-01-26 15:09:13,carparts.com,Automotive,Used Cars,Toyota Camry,0.92,489,9344,Sports,Video,dailyfinance.com,3,82600,351,71,119321,0.53,5,French,
user_253,2026-01-23 01:14:53,nike.com,Electronics,Smartphones,Google Pixel 8,0.42,268,6253,Sports,Video,newsupdates.com,1,22106,352,47,21598,0.56,19,Irish,
user_254,2026-01-25 07:47:01,bestbuy.com,Apparel,Footwear,Adidas Sneakers,0.39,517,7372,Health & Fitness,Connected TV,healthyliving.co,4,82783,326,53,111375,0.52,8,Belarusian,
user_255,2026-01-22 11:25:09,bestbuy.com,Apparel,Footwear,Doc Martens Boots,0.49,159,5382,Health & Fitness,Display,entertainmentbuzz.io,10,12742,612,42,115571,0.44,5,Dutch,
user_256,2026-01-26 14:12:58,carparts.com,Automotive,Car Parts,Bosch Spark Plugs,0.3,152,3463,Sports,Video,entertainmentbuzz.io,5,90065,658,49,42876,0.17,7,Polish,
user_257,2026-01-26 19:50:57,cars.com,Automotive,Car Parts,Michelin Tires,0.83,326,5013,Sports,Mobile App,healthyliving.co,1,44114,515,34,68645,0.06,15,Chinese,
user_258,2026-01-26 06:21:06,autotrader.com,Automotive,Car Parts,Bosch Spark Plugs,0.78,46,3476,Health & Fitness,Connected TV,dailyfinance.com,4,75116,472,61,183349,0.22,5,Norwegian,
user_259,2026-01-23 08:35:13,newegg.com,Automotive,Car Parts,Michelin Tires,0.74,554,4635,Arts & Entertainment,Mobile App,dailyfinance.com,1,54386,633,20,51440,0.56,4,Italian,
user_260,2026-01-24 14:09:24,cars.com,Apparel,Footwear,Doc Martens Boots,0.68,370,9816,Arts & Entertainment,Display,newsupdates.com,3,41925,455,25,140516,0.43,17,Irish,
user_261,2026-01-22 16:36:33,cars.com,Apparel,Outerwear,Columbia Raincoat,0.98,337,6462,News & Current Events,Mobile App,newsupdates.com,7,52809,807,36,179786,0.28,19,Belarusian,
user_262,2026-01-20 21:31:42,rei.com,Automotive,Car Parts,Mobil 1 Oil,0.41,469,6026,Arts & Entertainment,Mobile App,entertainmentbuzz.io,2,73047,523,28,89908,0.06,12,German,
user_263,2026-01-24 00:14:29,autotrader.com,Electronics,Smartphones,iPhone 15,0.51,157,2365,Arts & Entertainment,Connected TV,dailyfinance.com,1,76263,521,39,87751,0.58,19,German,
user_264,2026-01-25 11:11:12,cars.com,Automotive,Car Parts,Mobil 1 Oil,0.88,528,7087,Arts & Entertainment,Display,healthyliving.co,6,84235,838,38,33723,0.52,20,Chinese,
user_265,2026-01-23 21:35:05,cars.com,Electronics,Smartphones,Google Pixel 8,0.74,271,1905,Health & Fitness,Video,dailyfinance.com,1,84126,519,54,144533,0.49,15,Canadian,
user_266,2026-01-23 04:34:03,carparts.com,Automotive,Used Cars,Toyota Camry,0.51,287,5296,Sports,Mobile App,techreview.org,2,45651,424,40,92916,0.47,10,French,
user_267,2026-01-25 10:09:55,bestbuy.com,Automotive,Car Parts,Michelin Tires,0.59,123,7312,Health & Fitness,Display,healthyliving.co,7,41239,458,40,21511,0.43,19,Belarusian,
user_268,2026-01-26 21:16:59,zappos.com,Electronics,Laptops,Dell XPS 15,0.87,278,2491,Sports,Display,newsupdates.com,5,82323,653,61,169326,0.41,14,Italian,
user_269,2026-01-26 23:46:41,autotrader.com,Automotive,Car Parts,Michelin Tires,0.68,569,2686,Business & Finance,Display,techreview.org,8,48823,835,66,84822,0.27,15,Ukrainian,
user_270,2026-01-23 19:24:23,nike.com,Apparel,Outerwear,North Face Jacket,0.33,434,5430,Health & Fitness,Video,healthyliving.co,5,40345,306,53,194606,0.06,13,Ukrainian,
user_271,2026-01-24 00:19:06,newegg.com,Automotive,Car Parts,Michelin Tires,0.97,405,4973,Business & Finance,Display,healthyliving.co,1,20078,497,56,173768,0.28,14,Belarusian,
user_272,2026-01-21 17:54:58,cars.com,Electronics,Smartphones,iPhone 15,0.69,268,1627,Arts & Entertainment,Display,healthyliving.co,9,78329,800,45,156469,0.18,12,Irish,
user_273,2026-01-26 08:21:36,bestbuy.com,Automotive,Used Cars,Toyota Camry,0.91,162,2289,News & Current Events,Video,dailyfinance.com,7,87616,843,38,92292,0.28,8,Ukrainian,
user_274,2026-01-20 16:05:11,newegg.com,Apparel,Footwear,Adidas Sneakers,0.62,61,1916,Business & Finance,Display,techreview.org,1,56847,323,30,87804,0.1,12,Canadian,
user_275,2026-01-21 05:43:03,rei.com,Apparel,Outerwear,Columbia Raincoat,0.47,542,9114,Sports,Display,sportsfanatic.net,3,94060,602,29,22654,0.56,6,German,
user_276,2026-01-24 18:44:53,newegg.com,Apparel,Outerwear,Patagonia Fleece,0.72,302,9937,Sports,Video,entertainmentbuzz.io,2,80435,746,35,128172,0.28,16,Polish,
user_277,2026-01-25 16:00:08,zappos.com,Automotive,Used Cars,Toyota Camry,0.6,171,3218,News & Current Events,Video,healthyliving.co,3,10223,841,52,88089,0.18,4,Ukrainian,
user_278,2026-01-26 19:32:28,amazon.com,Apparel,Footwear,Adidas Sneakers,0.82,125,3222,Sports,Video,sportsfanatic.net,7,40349,641,30,132225,0.19,14,Polish,
user_279,2026-01-20 12:22:07,newegg.com,Automotive,Car Parts,Michelin Tires,0.93,134,7552,News & Current Events,Connected TV,dailyfinance.com,3,77301,426,21,72681,0.57,7,Italian,
user_280,2026-01-25 07:32:00,bestbuy.com,Automotive,Used Cars,Toyota Camry,0.39,107,2011,News & Current Events,Video,healthyliving.co,10,62854,801,67,34036,0.3,7,Irish,
user_281,2026-01-24 08:17:15,newegg.com,Electronics,Laptops,HP Spectre x360,0.56,442,4625,Arts & Entertainment,Video,sportsfanatic.net,5,98392,819,72,194190,0.2,7,German,
user_282,2026-01-25 05:43:19,cars.com,Electronics,Smartphones,Google Pixel 8,0.86,32,2654,Business & Finance,Connected TV,newsupdates.com,3,71292,601,34,69800,0.47,17,Chinese,
user_283,2026-01-26 23:02:05,cars.com,Electronics,Laptops,Dell XPS 15,0.83,437,1872,Sports,Mobile App,newsupdates.com,3,44829,688,39,26648,0.16,6,Belarusian,
user_284,2026-01-21 04:22:54,carparts.com,Automotive,Car Parts,Mobil 1 Oil,0.87,174,2283,News & Current Events,Connected TV,sportsfanatic.net,7,97793,838,20,80860,0.2,15,Canadian,
user_285,2026-01-25 03:56:17,nike.com,Electronics,Smartphones,Google Pixel 8,0.91,255,5435,Business & Finance,Video,entertainmentbuzz.io,8,46452,453,40,62867,0.59,15,Polish,
user_286,2026-01-24 08:49:00,zappos.com,Apparel,Outerwear,Columbia Raincoat,0.69,400,9048,Arts & Entertainment,Display,dailyfinance.com,7,57469,439,60,124690,0.17,13,Dutch,
user_287,2026-01-23 14:04:06,newegg.com,Electronics,Laptops,MacBook Pro,0.52,502,2858,Arts & Entertainment,Mobile App,sportsfanatic.net,9,97765,745,64,59069,0.5,15,German,
user_288,2026-01-23 18:03:41,bestbuy.com,Automotive,Car Parts,Mobil 1 Oil,0.88,413,6088,Business & Finance,Connected TV,techreview.org,6,60131,574,76,95959,0.18,5,Chinese,
user_289,2026-01-20 15:04:00,rei.com,Automotive,Used Cars,Toyota Camry,0.35,521,6840,Sports,Video,entertainmentbuzz.io,10,87321,808,54,75827,0.42,16,Italian,
user_290,2026-01-24 10:04:44,cars.com,Apparel,Footwear,Doc Martens Boots,0.5,107,2933,Sports,Display,dailyfinance.com,6,78615,469,31,104197,0.4,18,French,
user_291,2026-01-22 23:51:50,zappos.com,Apparel,Footwear,Adidas Sneakers,0.86,573,5484,Arts & Entertainment,Display,entertainmentbuzz.io,3,98908,819,31,164987,0.58,4,Norwegian,
user_292,2026-01-20 05:18:27,carparts.com,Automotive,Used Cars,Toyota Camry,0.41,493,6959,Sports,Video,techreview.org,6,79995,677,32,116162,0.37,10,Polish,
user_293,2026-01-24 20:34:24,amazon.com,Apparel,Footwear,Doc Martens Boots,0.77,286,7995,Arts & Entertainment,Display,entertainmentbuzz.io,7,77466,339,66,26509,0.27,19,Chinese,
user_294,2026-01-26 00:19:23,bestbuy.com,Apparel,Outerwear,Patagonia Fleece,0.64,454,7066,Sports,Mobile App,newsupdates.com,1,70209,777,21,90809,0.3,16,Chinese,
user_295,2026-01-26 23:06:08,amazon.com,Automotive,Car Parts,Bosch Spark Plugs,0.75,292,2245,Sports,Display,dailyfinance.com,1,91571,434,65,133828,0.41,12,Dutch,
user_296,2026-01-26 08:32:04,amazon.com,Automotive,Used Cars,Toyota Camry,0.89,472,6944,News & Current Events,Connected TV,techreview.org,4,60207,361,66,179491,0.06,11,Canadian,
user_297,2026-01-26 11:32:06,zappos.com,Automotive,Used Cars,Toyota Camry,0.46,358,3440,Sports,Video,healthyliving.co,2,89270,509,43,188438,0.34,17,Chinese,
user_298,2026-01-20 03:27:13,amazon.com,Automotive,Car Parts,Bosch Spark Plugs,0.7,152,4776,Health & Fitness,Display,techreview.org,3,65366,494,55,26103,0.48,19,Chinese,
user_299,2026-01-24 22:11:19,rei.com,Apparel,Outerwear,North Face Jacket,0.79,374,1985,Arts & Entertainment,Mobile App,newsupdates.com,9,57261,334,33,165249,0.06,20,German,
user_300,2026-01-23 13:12:32,zappos.com,Electronics,Laptops,MacBook Pro,0.31,233,4544,Health & Fitness,Video,newsupdates.com,7,21760,680,38,34321,0.12,14,Belarusian,
user_301,2026-01-25 00:56:48,newegg.com,Apparel,Footwear,Doc Martens Boots,0.57,413,8131,News & Current Events,Mobile App,sportsfanatic.net,10,63520,444,70,31873,0.56,19,Italian,
user_302,2026-01-22 13:53:04,carparts.com,Automotive,Used Cars,Toyota Camry,0.96,169,3495,Arts & Entertainment,Display,entertainmentbuzz.io,9,28584,419,30,155194,0.33,16,Scotish,
user_303,2026-01-24 02:35:37,zappos.com,Apparel,Outerwear,Columbia Raincoat,0.49,187,9999,Business & Finance,Video,techreview.org,7,82718,671,30,123653,0.33,17,Dutch,
user_304,2026-01-22 22:06:06,amazon.com,Electronics,Smartphones,Google Pixel 8,0.66,304,2541,Sports,Mobile App,newsupdates.com,5,69451,538,61,23982,0.17,15,Polish,
user_305,2026-01-25 20:46:13,zappos.com,Electronics,Laptops,MacBook Pro,0.74,395,2300,News & Current Events,Connected TV,techreview.org,6,85113,365,35,188349,0.21,11,Canadian,
user_306,2026-01-26 10:07:39,bestbuy.com,Automotive,Used Cars,Toyota Camry,0.88,398,6443,Health & Fitness,Connected TV,techreview.org,6,32502,517,69,84059,0.55,13,Ukrainian,
user_307,2026-01-25 21:03:46,amazon.com,Automotive,Car Parts,Michelin Tires,0.68,179,3054,Health & Fitness,Display,healthyliving.co,4,72794,353,43,99275,0.4,5,Italian,
user_308,2026-01-23 13:47:34,carparts.com,Apparel,Footwear,Doc Martens Boots,0.79,127,3115,Arts & Entertainment,Connected TV,healthyliving.co,4,36146,721,69,184618,0.2,20,Polish,
user_309,2026-01-25 05:36:12,zappos.com,Automotive,Used Cars,Toyota Camry,0.79,124,9531,Business & Finance,Connected TV,dailyfinance.com,7,93607,337,63,91240,0.36,20,Dutch,
user_310,2026-01-23 21:07:58,newegg.com,Electronics,Smartphones,iPhone 15,0.82,68,4694,Sports,Video,healthyliving.co,9,39455,364,21,33348,0.11,10,Dutch,
user_311,2026-01-20 12:16:09,carparts.com,Apparel,Outerwear,Columbia Raincoat,0.44,520,8601,News & Current Events,Display,entertainmentbuzz.io,10,18785,416,22,163560,0.41,10,Canadian,
user_312,2026-01-21 16:30:19,zappos.com,Apparel,Footwear,Adidas Sneakers,0.44,65,4038,Health & Fitness,Video,dailyfinance.com,7,54315,540,74,167171,0.5,5,Belarusian,
user_313,2026-01-23 14:42:45,autotrader.com,Electronics,Laptops,Dell XPS 15,0.57,403,4070,Arts & Entertainment,Connected TV,newsupdates.com,5,93576,815,48,127579,0.48,13,Norwegian,
user_314,2026-01-23 15:59:05,nike.com,Electronics,Smartphones,Google Pixel 8,0.53,228,1237,Arts & Entertainment,Mobile App,dailyfinance.com,1,13065,337,59,92985,0.49,9,Norwegian,
user_315,2026-01-25 01:15:07,newegg.com,Apparel,Footwear,Adidas Sneakers,0.61,66,9652,Sports,Connected TV,techreview.org,6,88365,576,57,126674,0.21,8,Chinese,
user_316,2026-01-22 01:22:59,zappos.com,Electronics,Laptops,MacBook Pro,0.59,332,4992,Business & Finance,Mobile App,dailyfinance.com,1,26290,593,57,95923,0.18,16,Ukrainian,
user_317,2026-01-23 18:05:02,autotrader.com,Automotive,Car Parts,Michelin Tires,0.8,336,9424,News & Current Events,Video,entertainmentbuzz.io,4,61995,309,27,96800,0.35,5,Norwegian,
user_318,2026-01-21 10:25:40,rei.com,Automotive,Used Cars,Toyota Camry,0.44,36,4890,Arts & Entertainment,Video,dailyfinance.com,2,62458,814,70,159564,0.11,20,Italian,
user_319,2026-01-20 10:17:26,cars.com,Apparel,Outerwear,Patagonia Fleece,0.94,123,3045,Sports,Mobile App,entertainmentbuzz.io,6,19519,404,22,103651,0.29,16,Chinese,
user_320,2026-01-21 15:41:18,nike.com,Apparel,Footwear,Doc Martens Boots,0.88,460,2699,Arts & Entertainment,Display,entertainmentbuzz.io,2,23391,655,20,163396,0.13,14,French,
user_321,2026-01-25 02:24:16,bestbuy.com,Electronics,Laptops,MacBook Pro,0.53,411,4693,Sports,Mobile App,healthyliving.co,9,23650,331,63,124349,0.44,11,Belarusian,
user_322,2026-01-22 21:01:22,bestbuy.com,Electronics,Smartphones,Google Pixel 8,0.57,562,6025,Arts & Entertainment,Connected TV,sportsfanatic.net,5,64079,847,42,74047,0.33,7,Ukrainian,
user_323,2026-01-26 12:48:40,bestbuy.com,Electronics,Laptops,Dell XPS 15,0.46,170,1699,Health & Fitness,Mobile App,healthyliving.co,2,85199,419,35,192449,0.48,16,Dutch,
user_324,2026-01-20 00:34:20,rei.com,Automotive,Car Parts,Michelin Tires,0.66,260,9820,Health & Fitness,Display,techreview.org,8,55123,774,38,67200,0.38,16,Norwegian,
user_325,2026-01-25 18:52:38,zappos.com,Automotive,Car Parts,Mobil 1 Oil,0.74,86,3323,News & Current Events,Display,dailyfinance.com,9,95705,615,48,85903,0.57,15,Irish,
user_326,2026-01-21 15:04:24,cars.com,Electronics,Smartphones,iPhone 15,0.47,234,5917,News & Current Events,Connected TV,techreview.org,4,82882,648,51,192095,0.39,5,Ukrainian,
user_327,2026-01-21 18:30:55,amazon.com,Automotive,Car Parts,Mobil 1 Oil,0.31,415,1083,Arts & Entertainment,Connected TV,dailyfinance.com,8,54166,461,32,183254,0.16,6,Scotish,
user_328,2026-01-23 05:32:07,cars.com,Electronics,Laptops,Dell XPS 15,0.59,283,8834,Business & Finance,Mobile App,dailyfinance.com,1,77065,775,75,121836,0.57,13,Ukrainian,
user_329,2026-01-22 11:52:28,zappos.com,Electronics,Laptops,Dell XPS 15,0.42,355,6810,Business & Finance,Video,entertainmentbuzz.io,5,70693,654,70,62520,0.39,9,Dutch,
user_330,2026-01-26 00:01:26,nike.com,Electronics,Smartphones,iPhone 15,0.6,257,5090,Health & Fitness,Video,healthyliving.co,9,52365,566,65,148452,0.2,14,Ukrainian,
user_331,2026-01-20 06:21:12,autotrader.com,Electronics,Smartphones,iPhone 15,0.68,180,6934,News & Current Events,Display,techreview.org,6,88077,839,32,115118,0.56,18,Canadian,
user_332,2026-01-20 14:09:45,bestbuy.com,Apparel,Footwear,Adidas Sneakers,0.87,119,4617,Sports,Video,techreview.org,6,88862,564,34,46231,0.21,4,Polish,
user_333,2026-01-24 08:51:30,amazon.com,Electronics,Smartphones,Google Pixel 8,0.32,120,3700,Health & Fitness,Display,entertainmentbuzz.io,7,96220,594,54,105597,0.35,6,Dutch,
user_334,2026-01-26 16:27:49,zappos.com,Apparel,Footwear,Adidas Sneakers,0.89,259,5900,Sports,Display,healthyliving.co,6,77926,675,60,94856,0.1,18,Ukrainian,
user_335,2026-01-26 07:33:26,bestbuy.com,Automotive,Used Cars,Toyota Camry,0.32,224,7095,News & Current Events,Mobile App,dailyfinance.com,1,79528,674,72,99909,0.21,14,German,
user_336,2026-01-25 19:47:55,nike.com,Apparel,Footwear,Adidas Sneakers,0.35,106,2454,Health & Fitness,Mobile App,healthyliving.co,10,28800,524,80,75632,0.58,18,German,
user_337,2026-01-23 07:17:00,bestbuy.com,Electronics,Smartphones,iPhone 15,0.86,247,7705,Sports,Connected TV,sportsfanatic.net,6,59563,698,24,58783,0.2,12,German,
user_338,2026-01-24 13:26:24,autotrader.com,Electronics,Laptops,Dell XPS 15,0.39,599,9250,News & Current Events,Mobile App,healthyliving.co,1,92319,763,80,43535,0.34,16,German,
user_339,2026-01-23 09:09:58,newegg.com,Automotive,Car Parts,Michelin Tires,0.48,32,1826,Health & Fitness,Mobile App,techreview.org,2,10431,622,67,124422,0.52,10,Irish,
user_340,2026-01-22 08:11:19,bestbuy.com,Automotive,Used Cars,Toyota Camry,0.65,179,9851,Arts & Entertainment,Display,newsupdates.com,8,87449,327,68,172039,0.35,5,French,
user_341,2026-01-23 15:41:48,autotrader.com,Automotive,Used Cars,Toyota Camry,0.66,69,4832,Arts & Entertainment,Display,sportsfanatic.net,3,81424,388,25,199383,0.44,4,Polish,
user_342,2026-01-22 10:54:53,rei.com,Electronics,Laptops,MacBook Pro,0.5,47,3712,Business & Finance,Video,newsupdates.com,8,35420,419,62,179338,0.26,10,Irish,
user_343,2026-01-25 13:53:06,carparts.com,Electronics,Smartphones,Google Pixel 8,0.68,538,2506,News & Current Events,Connected TV,sportsfanatic.net,10,41987,333,30,68458,0.36,11,Chinese,
user_344,2026-01-20 22:56:45,amazon.com,Electronics,Laptops,HP Spectre x360,0.85,429,7326,Health & Fitness,Display,newsupdates.com,4,45361,700,71,87981,0.32,13,Belarusian,
user_345,2026-01-22 04:25:39,newegg.com,Automotive,Car Parts,Mobil 1 Oil,0.53,407,7096,Business & Finance,Connected TV,entertainmentbuzz.io,2,61980,529,52,25521,0.46,4,Norwegian,
user_346,2026-01-22 18:34:46,carparts.com,Electronics,Smartphones,Google Pixel 8,0.7,191,7399,Sports,Display,sportsfanatic.net,3,41765,613,22,183402,0.09,14,Irish,
user_347,2026-01-24 23:11:35,autotrader.com,Automotive,Used Cars,Toyota Camry,0.56,485,4801,Business & Finance,Connected TV,techreview.org,4,20460,765,63,39554,0.3,17,Chinese,
user_348,2026-01-24 07:04:51,cars.com,Apparel,Footwear,Adidas Sneakers,0.42,358,4744,Sports,Display,entertainmentbuzz.io,6,12364,712,27,44459,0.14,13,Dutch,
user_349,2026-01-23 20:49:05,nike.com,Apparel,Outerwear,North Face Jacket,0.9,585,2037,Sports,Mobile App,newsupdates.com,2,40954,571,20,189440,0.41,16,Scotish,
user_350,2026-01-24 07:31:58,zappos.com,Apparel,Footwear,Doc Martens Boots,0.79,594,9046,News & Current Events,Mobile App,techreview.org,4,16972,512,65,186316,0.45,16,German,
user_351,2026-01-22 04:19:13,carparts.com,Apparel,Footwear,Doc Martens Boots,0.49,535,9331,Arts & Entertainment,Video,techreview.org,6,71877,604,19,162220,0.57,10,French,
user_352,2026-01-25 12:03:49,cars.com,Electronics,Smartphones,Google Pixel 8,0.71,493,2332,News & Current Events,Video,sportsfanatic.net,9,87313,778,21,136831,0.56,7,Dutch,
user_353,2026-01-20 09:06:03,carparts.com,Electronics,Smartphones,Google Pixel 8,0.93,90,8289,News & Current Events,Video,entertainmentbuzz.io,3,40443,816,30,25574,0.46,14,Italian,
user_354,2026-01-22 09:04:11,bestbuy.com,Automotive,Used Cars,Toyota Camry,0.74,50,6536,Arts & Entertainment,Video,sportsfanatic.net,9,88459,841,47,136567,0.4,15,German,
user_355,2026-01-23 15:53:38,bestbuy.com,Electronics,Laptops,HP Spectre x360,0.75,35,9492,Arts & Entertainment,Display,healthyliving.co,8,42724,545,67,84669,0.59,11,Scotish,
user_356,2026-01-20 12:51:45,carparts.com,Electronics,Smartphones,Google Pixel 8,0.41,470,1251,Arts & Entertainment,Video,healthyliving.co,2,46484,500,49,53945,0.24,18,Irish,
user_357,2026-01-25 11:17:31,newegg.com,Electronics,Smartphones,Google Pixel 8,0.81,315,1382,Arts & Entertainment,Mobile App,dailyfinance.com,6,76189,831,36,171764,0.53,9,Chinese,
user_358,2026-01-22 00:57:34,zappos.com,Apparel,Outerwear,North Face Jacket,0.82,181,8676,News & Current Events,Mobile App,newsupdates.com,1,89480,387,56,79420,0.4,11,Norwegian,
user_359,2026-01-23 12:31:36,nike.com,Electronics,Smartphones,Google Pixel 8,0.51,233,4338,Business & Finance,Mobile App,entertainmentbuzz.io,9,69558,504,71,104097,0.1,8,German,
user_360,2026-01-25 15:54:53,cars.com,Automotive,Car Parts,Michelin Tires,0.55,392,9938,Health & Fitness,Mobile App,entertainmentbuzz.io,7,34640,739,25,122077,0.39,9,Canadian,
user_361,2026-01-24 07:01:38,zappos.com,Apparel,Footwear,Adidas Sneakers,0.71,279,3033,Health & Fitness,Connected TV,dailyfinance.com,6,75863,673,67,150889,0.22,13,Irish,
user_362,2026-01-21 17:57:01,carparts.com,Automotive,Used Cars,Toyota Camry,0.39,81,6056,News & Current Events,Mobile App,dailyfinance.com,5,70305,732,61,160534,0.42,19,Dutch,
user_363,2026-01-21 06:02:22,carparts.com,Automotive,Used Cars,Toyota Camry,0.82,427,2343,Health & Fitness,Mobile App,dailyfinance.com,3,47044,736,19,51512,0.16,7,Canadian,
user_364,2026-01-23 06:56:29,cars.com,Electronics,Smartphones,iPhone 15,0.56,387,8239,Business & Finance,Mobile App,dailyfinance.com,8,85588,681,34,94079,0.58,13,Dutch,
user_365,2026-01-23 01:34:11,amazon.com,Electronics,Smartphones,Google Pixel 8,0.56,595,1821,Arts & Entertainment,Display,entertainmentbuzz.io,10,73404,628,80,194644,0.21,6,Italian,
user_366,2026-01-23 11:16:47,carparts.com,Automotive,Car Parts,Mobil 1 Oil,0.62,554,6682,Arts & Entertainment,Mobile App,newsupdates.com,4,17725,689,23,129655,0.27,18,French,
user_367,2026-01-25 15:04:06,bestbuy.com,Apparel,Outerwear,Patagonia Fleece,0.48,557,4809,News & Current Events,Mobile App,sportsfanatic.net,5,70069,769,64,87511,0.55,5,Chinese,
user_368,2026-01-25 02:23:19,carparts.com,Apparel,Footwear,Adidas Sneakers,0.59,412,5380,Arts & Entertainment,Display,entertainmentbuzz.io,1,33314,472,52,114428,0.05,6,Ukrainian,
user_369,2026-01-25 17:55:05,rei.com,Automotive,Car Parts,Mobil 1 Oil,0.74,117,8346,Health & Fitness,Mobile App,newsupdates.com,2,86986,825,77,82951,0.23,20,Italian,
user_370,2026-01-20 22:12:40,autotrader.com,Apparel,Footwear,Doc Martens Boots,0.62,558,7388,Business & Finance,Video,entertainmentbuzz.io,5,98766,813,37,164155,0.14,8,Chinese,
user_371,2026-01-25 06:52:25,cars.com,Electronics,Smartphones,Google Pixel 8,0.41,94,3975,News & Current Events,Mobile App,sportsfanatic.net,5,30333,343,63,119976,0.08,5,German,
user_372,2026-01-25 09:59:03,newegg.com,Electronics,Laptops,HP Spectre x360,0.71,465,2097,Business & Finance,Mobile App,newsupdates.com,9,12600,836,73,72811,0.19,10,Belarusian,
user_373,2026-01-23 20:05:18,carparts.com,Electronics,Laptops,MacBook Pro,0.6,157,1679,Business & Finance,Mobile App,newsupdates.com,1,43857,502,33,36502,0.32,6,Polish,
user_374,2026-01-23 09:35:09,cars.com,Automotive,Car Parts,Mobil 1 Oil,0.89,266,2353,Health & Fitness,Connected TV,sportsfanatic.net,4,97376,542,77,32456,0.4,6,Canadian,
user_375,2026-01-23 05:28:20,rei.com,Automotive,Car Parts,Michelin Tires,0.51,583,8924,Arts & Entertainment,Mobile App,dailyfinance.com,2,35571,521,31,92222,0.58,19,Canadian,
user_376,2026-01-26 13:31:40,autotrader.com,Electronics,Smartphones,iPhone 15,0.31,444,4882,Sports,Mobile App,entertainmentbuzz.io,4,52649,339,34,63539,0.16,18,Italian,
user_377,2026-01-21 04:04:21,cars.com,Apparel,Footwear,Doc Martens Boots,0.42,164,2519,Sports,Display,techreview.org,7,28016,820,38,104929,0.3,10,Polish,
user_378,2026-01-24 00:37:09,amazon.com,Automotive,Car Parts,Michelin Tires,0.94,225,9414,Sports,Video,techreview.org,5,29333,413,44,20466,0.08,7,Irish,
user_379,2026-01-25 20:18:45,autotrader.com,Automotive,Car Parts,Mobil 1 Oil,0.69,263,3965,Arts & Entertainment,Mobile App,entertainmentbuzz.io,10,82719,593,52,82182,0.41,7,Irish,
user_380,2026-01-23 21:45:46,nike.com,Automotive,Car Parts,Mobil 1 Oil,0.81,465,4415,News & Current Events,Display,dailyfinance.com,1,34274,353,18,128436,0.47,17,German,
user_381,2026-01-26 03:43:53,zappos.com,Automotive,Car Parts,Bosch Spark Plugs,0.84,594,6004,Sports,Video,entertainmentbuzz.io,4,20516,714,25,90725,0.53,17,Chinese,
user_382,2026-01-22 09:23:44,rei.com,Apparel,Footwear,Adidas Sneakers,0.75,503,4180,Arts & Entertainment,Mobile App,dailyfinance.com,3,28663,759,76,105844,0.37,9,Dutch,
user_383,2026-01-26 17:09:54,rei.com,Apparel,Footwear,Adidas Sneakers,0.65,427,6231,Sports,Display,healthyliving.co,6,26890,754,52,20111,0.13,20,Italian,
user_384,2026-01-22 12:32:43,rei.com,Apparel,Footwear,Adidas Sneakers,0.36,545,7552,Health & Fitness,Mobile App,newsupdates.com,2,44237,545,67,78831,0.56,19,Polish,
user_385,2026-01-22 09:14:00,amazon.com,Apparel,Outerwear,Columbia Raincoat,0.55,338,5954,News & Current Events,Video,dailyfinance.com,8,19001,404,58,41941,0.49,7,Ukrainian,
user_386,2026-01-24 05:41:24,rei.com,Automotive,Used Cars,Toyota Camry,0.83,44,7403,News & Current Events,Video,dailyfinance.com,8,15516,833,54,35432,0.05,15,Scotish,
user_387,2026-01-25 15:19:26,zappos.com,Electronics,Laptops,Dell XPS 15,0.49,88,7006,Business & Finance,Connected TV,entertainmentbuzz.io,6,15182,368,62,166892,0.52,7,Belarusian,
user_388,2026-01-23 06:21:56,cars.com,Electronics,Smartphones,Google Pixel 8,0.7,135,1634,News & Current Events,Display,healthyliving.co,2,87075,360,36,63134,0.07,7,Canadian,
user_389,2026-01-23 07:21:14,autotrader.com,Apparel,Footwear,Adidas Sneakers,0.98,177,3157,Health & Fitness,Mobile App,entertainmentbuzz.io,9,93437,827,58,198323,0.18,10,French,
user_390,2026-01-22 22:04:01,autotrader.com,Apparel,Outerwear,Columbia Raincoat,0.93,440,9965,Health & Fitness,Display,entertainmentbuzz.io,7,16931,808,40,171326,0.18,18,Polish,
user_391,2026-01-24 08:23:50,cars.com,Electronics,Smartphones,iPhone 15,0.98,143,5130,Arts & Entertainment,Mobile App,techreview.org,9,61415,785,22,64715,0.26,13,Scotish,
user_392,2026-01-25 04:43:31,rei.com,Automotive,Car Parts,Bosch Spark Plugs,0.95,454,2606,Arts & Entertainment,Video,techreview.org,4,57839,806,41,190004,0.54,4,Dutch,
user_393,2026-01-22 12:31:17,zappos.com,Apparel,Footwear,Doc Martens Boots,0.72,150,8410,Business & Finance,Display,techreview.org,2,71059,813,78,97407,0.27,13,Irish,
user_394,2026-01-24 00:16:26,zappos.com,Automotive,Car Parts,Bosch Spark Plugs,0.62,170,9277,Business & Finance,Mobile App,sportsfanatic.net,5,19642,559,55,48588,0.51,17,Irish,
user_395,2026-01-26 16:16:10,autotrader.com,Apparel,Footwear,Doc Martens Boots,0.36,80,2938,Health & Fitness,Connected TV,healthyliving.co,6,71666,750,77,73943,0.12,13,Irish,
user_396,2026-01-21 12:47:19,rei.com,Apparel,Footwear,Adidas Sneakers,0.74,359,3108,Arts & Entertainment,Mobile App,dailyfinance.com,3,35000,650,45,130444,0.32,20,French,
user_397,2026-01-20 12:25:17,bestbuy.com,Automotive,Used Cars,Toyota Camry,0.65,476,3388,Health & Fitness,Display,sportsfanatic.net,9,28510,776,42,120626,0.54,5,German,
user_398,2026-01-23 19:46:26,amazon.com,Automotive,Used Cars,Toyota Camry,0.71,557,4137,Arts & Entertainment,Mobile App,sportsfanatic.net,2,31527,523,50,161642,0.21,4,Norwegian,
user_399,2026-01-26 21:46:45,autotrader.com,Automotive,Used Cars,Toyota Camry,0.61,370,5893,Health & Fitness,Connected TV,sportsfanatic.net,3,68035,466,44,122691,0.54,12,Canadian,
